"name","gender","probability","count"
"Asawari","female",0.88,24
"Vineetkumar","male",1,4
"Manmathanath","unknown",0,0
"Melito","male",0.89,85
"Ronny","male",0.98,16300
"Jerusha","female",1,1291
"Khyati","female",1,4535
"Ruchira","female",0.73,124
"Soumyakanti","male",1,3
"Lesley","female",0.9,8674
"Rozan","female",0.94,854
"Vibooshana","unknown",0,0
"Shaoni","female",0.88,8
"Rihan","male",0.58,264
"Hina","female",1,14695
"Yan","male",0.76,11049
"Priyesh","male",1,209
"Raf","male",0.95,6377
"Shanmugarajan","male",1,5
"Jikmat","unknown",0,0
"Tintu","male",0.61,49
"Dalip","male",0.96,140
"Yuganthra","unknown",0,0
"Ravikanth","male",1,108
"Chuck","male",1,102238
"Eeshaan","female",1,1
"Kasiraman","male",1,3
"Mahamood","male",1,21
"Akp","male",0.76,49
"Feba","female",0.66,29
"Aristo","male",0.97,243
"Mainak","male",0.99,124
"Mikhail","male",1,29055
"Osamaphi","unknown",0,0
"Foolchand","male",0.67,3
"Remitha","female",1,8
"Randeep","male",1,2464
"Saahithi","female",1,32
"Raihan","male",0.99,4818
"Prasanthan","male",1,6
"Tikesh","male",1,2
"Ananthapura","unknown",0,0
"Vizz","male",0.82,17
"Nagarathna","female",0.67,9
"Nagesh","male",1,484
"Sharmilee","female",0.8,15
"Emma","female",0.99,344546
"Krishnaja","male",1,2
"Nabajit","male",1,9
"Sekar","female",0.6,293
"Ushita","female",0.5,2
"Kartikey","male",0.94,53
"Yatisha","female",1,51
"Deeparani","female",0.5,2
"Satender","male",1,65
"Nila","female",0.99,6971
"Jerril","male",0.96,76
"Bijas","unknown",0,0
"Marcel","male",0.99,66789
"Vibhas","male",1,23
"Ilakkiya","female",1,10
"Thennavan","male",1,5
"Mohankumar","male",0.97,61
"Richardsan","unknown",0,0
"Ashfaq","male",0.99,559
"Jocko","male",0.98,238
"Varunkrishna","unknown",0,0
"Devang","male",1,5440
"Rashmitha","female",1,8
"Deshraj","male",1,22
"Priyankar","male",1,35
"Jerrit","male",1,104
"Askara","female",0.6,5
"Tarangini","female",1,2
"Arunaa","female",0.5,2
"Nin","female",0.79,1836
"Padmini","female",1,3296
"Navas","male",0.88,198
"Coimbatore","male",0.75,8
"Angira","female",0.64,14
"Piklu","male",1,3
"Sethulakshmi","unknown",0,0
"Wamiq","male",1,33
"Muzamil","male",1,2612
"Priyadarshi","male",0.72,36
"Bias","male",0.92,53
"Sheena","female",1,29125
"Devan","male",0.84,676
"Sandeep","male",0.99,8968
"Avisek","male",0.97,40
"Samrudh","male",1,60
"Yenepoya","unknown",0,0
"Arshiyan","male",1,2
"Glory","female",0.97,11091
"Ateet","male",0.8,20
"Subhasanket","unknown",0,0
"Test","male",0.78,5803
"Shahnas","male",0.6,5
"Dilip","male",0.99,1956
"Adwet","unknown",0,0
