"COMMON.NAME","SCIENTIFIC.NAME","site1","site2","site3","site4","site5"
"Fulvous Whistling-Duck","Dendrocygna bicolor",NA,"Sundarbans",NA,NA,NA
"Lesser Whistling-Duck","Dendrocygna javanica",NA,"Sundarbans","Taj Mahal","Kaziranga","Bharatpur"
"Bar-headed Goose","Anser indicus","Lodhi Gardens",NA,"Taj Mahal","Kaziranga","Bharatpur"
"Graylag Goose","Anser anser","Lodhi Gardens",NA,"Taj Mahal","Kaziranga","Bharatpur"
"Greater White-fronted Goose","Anser albifrons",NA,NA,NA,"Kaziranga","Bharatpur"
"Lesser White-fronted Goose","Anser erythropus",NA,NA,NA,"Kaziranga",NA
"Tundra Bean-Goose","Anser serrirostris",NA,NA,NA,"Kaziranga",NA
"Tundra Swan","Cygnus columbianus",NA,NA,NA,"Kaziranga",NA
"Knob-billed Duck","Sarkidiornis melanotos",NA,NA,"Taj Mahal",NA,"Bharatpur"
"Ruddy Shelduck","Tadorna ferruginea",NA,"Sundarbans","Taj Mahal","Kaziranga","Bharatpur"
"Common Shelduck","Tadorna tadorna",NA,"Sundarbans","Taj Mahal","Kaziranga","Bharatpur"
"Cotton Pygmy-Goose","Nettapus coromandelianus",NA,"Sundarbans",NA,"Kaziranga","Bharatpur"
"Baikal Teal","Sibirionetta formosa",NA,NA,NA,"Kaziranga",NA
"Garganey","Spatula querquedula",NA,"Sundarbans","Taj Mahal","Kaziranga","Bharatpur"
"Northern Shoveler","Spatula clypeata","Lodhi Gardens","Sundarbans","Taj Mahal","Kaziranga","Bharatpur"
"Gadwall","Mareca strepera",NA,"Sundarbans","Taj Mahal","Kaziranga","Bharatpur"
"Falcated Duck","Mareca falcata",NA,"Sundarbans",NA,"Kaziranga","Bharatpur"
"Eurasian Wigeon","Mareca penelope",NA,"Sundarbans","Taj Mahal","Kaziranga","Bharatpur"
"Indian Spot-billed Duck","Anas poecilorhyncha","Lodhi Gardens",NA,"Taj Mahal","Kaziranga","Bharatpur"
"Eastern Spot-billed Duck","Anas zonorhyncha",NA,NA,NA,"Kaziranga",NA
"Mallard","Anas platyrhynchos","Lodhi Gardens",NA,NA,"Kaziranga","Bharatpur"
"Northern Pintail","Anas acuta",NA,"Sundarbans","Taj Mahal","Kaziranga","Bharatpur"
"Green-winged Teal","Anas crecca",NA,NA,"Taj Mahal","Kaziranga","Bharatpur"
"Red-crested Pochard","Netta rufina",NA,"Sundarbans",NA,"Kaziranga","Bharatpur"
"Common Pochard","Aythya ferina",NA,NA,"Taj Mahal","Kaziranga","Bharatpur"
"Ferruginous Duck","Aythya nyroca",NA,"Sundarbans",NA,"Kaziranga","Bharatpur"
"Baer's Pochard","Aythya baeri",NA,NA,NA,"Kaziranga",NA
"Tufted Duck","Aythya fuligula",NA,"Sundarbans",NA,"Kaziranga","Bharatpur"
"Greater Scaup","Aythya marila",NA,"Sundarbans",NA,"Kaziranga",NA
"Common Merganser","Mergus merganser",NA,NA,NA,"Kaziranga",NA
"White-cheeked Partridge","Arborophila atrogularis",NA,NA,NA,"Kaziranga",NA
"Kalij Pheasant","Lophura leucomelanos",NA,NA,NA,"Kaziranga",NA
"Indian Peafowl","Pavo cristatus","Lodhi Gardens",NA,"Taj Mahal",NA,"Bharatpur"
"Red Junglefowl","Gallus gallus",NA,"Sundarbans",NA,"Kaziranga","Bharatpur"
"Gray Francolin","Ortygornis pondicerianus",NA,NA,"Taj Mahal",NA,"Bharatpur"
"Swamp Francolin","Ortygornis gularis",NA,NA,NA,"Kaziranga",NA
"Black Francolin","Francolinus francolinus",NA,NA,NA,NA,"Bharatpur"
"Common Quail","Coturnix coturnix",NA,NA,NA,"Kaziranga","Bharatpur"
"Jungle Bush-Quail","Perdicula asiatica",NA,NA,NA,NA,"Bharatpur"
"Greater Flamingo","Phoenicopterus roseus",NA,NA,"Taj Mahal",NA,"Bharatpur"
"Little Grebe","Tachybaptus ruficollis","Lodhi Gardens","Sundarbans","Taj Mahal","Kaziranga","Bharatpur"
"Great Crested Grebe","Podiceps cristatus",NA,"Sundarbans",NA,"Kaziranga","Bharatpur"
"Eared Grebe","Podiceps nigricollis",NA,"Sundarbans",NA,NA,"Bharatpur"
"Rock Pigeon","Columba livia","Lodhi Gardens","Sundarbans","Taj Mahal","Kaziranga","Bharatpur"
"Oriental Turtle-Dove","Streptopelia orientalis",NA,"Sundarbans","Taj Mahal","Kaziranga","Bharatpur"
"Eurasian Collared-Dove","Streptopelia decaocto","Lodhi Gardens","Sundarbans","Taj Mahal","Kaziranga","Bharatpur"
"Red Collared-Dove","Streptopelia tranquebarica",NA,"Sundarbans","Taj Mahal","Kaziranga","Bharatpur"
"Spotted Dove","Spilopelia chinensis","Lodhi Gardens","Sundarbans","Taj Mahal","Kaziranga","Bharatpur"
"Laughing Dove","Spilopelia senegalensis","Lodhi Gardens",NA,"Taj Mahal",NA,"Bharatpur"
"Barred Cuckoo-Dove","Macropygia unchall",NA,NA,NA,"Kaziranga",NA
"Asian Emerald Dove","Chalcophaps indica",NA,"Sundarbans",NA,"Kaziranga",NA
"Orange-breasted Green-Pigeon","Treron bicinctus",NA,"Sundarbans",NA,NA,NA
"Ashy-headed Green-Pigeon","Treron phayrei",NA,NA,NA,"Kaziranga",NA
"Yellow-footed Green-Pigeon","Treron phoenicopterus","Lodhi Gardens","Sundarbans","Taj Mahal","Kaziranga","Bharatpur"
"Pin-tailed Green-Pigeon","Treron apicauda",NA,NA,NA,"Kaziranga",NA
"Wedge-tailed Green-Pigeon","Treron sphenurus",NA,NA,NA,"Kaziranga",NA
"Green Imperial-Pigeon","Ducula aenea",NA,NA,NA,"Kaziranga",NA
"Mountain Imperial-Pigeon","Ducula badia",NA,NA,NA,"Kaziranga",NA
"Chestnut-bellied Sandgrouse","Pterocles exustus",NA,NA,NA,NA,"Bharatpur"
"Bengal Florican","Houbaropsis bengalensis",NA,NA,NA,"Kaziranga",NA
"Greater Coucal","Centropus sinensis","Lodhi Gardens","Sundarbans","Taj Mahal","Kaziranga","Bharatpur"
"Lesser Coucal","Centropus bengalensis",NA,"Sundarbans",NA,"Kaziranga",NA
"Sirkeer Malkoha","Taccocua leschenaultii",NA,NA,NA,NA,"Bharatpur"
"Green-billed Malkoha","Phaenicophaeus tristis",NA,"Sundarbans",NA,"Kaziranga",NA
"Chestnut-winged Cuckoo","Clamator coromandus",NA,NA,NA,"Kaziranga",NA
"Asian Koel","Eudynamys scolopaceus","Lodhi Gardens","Sundarbans","Taj Mahal","Kaziranga","Bharatpur"
"Banded Bay Cuckoo","Cacomantis sonneratii",NA,NA,NA,"Kaziranga",NA
"Plaintive Cuckoo","Cacomantis merulinus",NA,"Sundarbans",NA,"Kaziranga",NA
"Gray-bellied Cuckoo","Cacomantis passerinus",NA,NA,NA,NA,"Bharatpur"
"Common Hawk-Cuckoo","Hierococcyx varius",NA,"Sundarbans","Taj Mahal","Kaziranga","Bharatpur"
"Indian Cuckoo","Cuculus micropterus",NA,NA,NA,"Kaziranga",NA
"Jungle Nightjar","Caprimulgus indicus",NA,NA,NA,NA,"Bharatpur"
"Sykes's Nightjar","Caprimulgus mahrattensis",NA,NA,NA,NA,"Bharatpur"
"Large-tailed Nightjar","Caprimulgus macrurus",NA,"Sundarbans",NA,"Kaziranga","Bharatpur"
"Indian Nightjar","Caprimulgus asiaticus",NA,NA,NA,NA,"Bharatpur"
"Savanna Nightjar","Caprimulgus affinis",NA,NA,NA,NA,"Bharatpur"
"Little Swift","Apus affinis","Lodhi Gardens","Sundarbans","Taj Mahal",NA,"Bharatpur"
"House Swift","Apus nipalensis",NA,"Sundarbans",NA,"Kaziranga",NA
"Asian Palm Swift","Cypsiurus balasiensis",NA,"Sundarbans",NA,"Kaziranga","Bharatpur"
"Water Rail","Rallus aquaticus",NA,NA,NA,NA,"Bharatpur"
"Slaty-breasted Rail","Lewinia striata",NA,"Sundarbans",NA,NA,NA
"Spotted Crake","Porzana porzana",NA,NA,NA,NA,"Bharatpur"
"Eurasian Moorhen","Gallinula chloropus","Lodhi Gardens","Sundarbans","Taj Mahal","Kaziranga","Bharatpur"
"Eurasian Coot","Fulica atra","Lodhi Gardens","Sundarbans","Taj Mahal","Kaziranga","Bharatpur"
"Gray-headed Swamphen","Porphyrio poliocephalus",NA,"Sundarbans",NA,"Kaziranga","Bharatpur"
"Watercock","Gallicrex cinerea",NA,NA,NA,NA,"Bharatpur"
"White-breasted Waterhen","Amaurornis phoenicurus","Lodhi Gardens","Sundarbans","Taj Mahal","Kaziranga","Bharatpur"
"Slaty-legged Crake","Rallina eurizonoides",NA,"Sundarbans",NA,NA,NA
"Ruddy-breasted Crake","Zapornia fusca",NA,"Sundarbans",NA,"Kaziranga","Bharatpur"
"Brown Crake","Zapornia akool",NA,NA,NA,"Kaziranga","Bharatpur"
"Little Crake","Zapornia parva",NA,NA,NA,NA,"Bharatpur"
"Baillon's Crake","Zapornia pusilla",NA,"Sundarbans",NA,NA,"Bharatpur"
"Black-tailed Crake","Zapornia bicolor",NA,NA,NA,"Kaziranga",NA
"Demoiselle Crane","Anthropoides virgo",NA,NA,"Taj Mahal",NA,"Bharatpur"
"Sarus Crane","Antigone antigone",NA,NA,"Taj Mahal",NA,"Bharatpur"
"Common Crane","Grus grus",NA,NA,NA,"Kaziranga","Bharatpur"
"Indian Thick-knee","Burhinus indicus",NA,NA,"Taj Mahal","Kaziranga","Bharatpur"
"Great Thick-knee","Esacus recurvirostris",NA,"Sundarbans",NA,"Kaziranga","Bharatpur"
"Black-winged Stilt","Himantopus himantopus",NA,"Sundarbans","Taj Mahal","Kaziranga","Bharatpur"
"Pied Avocet","Recurvirostra avosetta",NA,NA,"Taj Mahal","Kaziranga","Bharatpur"
"Black-bellied Plover","Pluvialis squatarola",NA,"Sundarbans",NA,NA,NA
"Pacific Golden-Plover","Pluvialis fulva",NA,"Sundarbans",NA,"Kaziranga","Bharatpur"
"Northern Lapwing","Vanellus vanellus",NA,NA,NA,"Kaziranga","Bharatpur"
"River Lapwing","Vanellus duvaucelii",NA,NA,"Taj Mahal","Kaziranga","Bharatpur"
"Yellow-wattled Lapwing","Vanellus malabaricus",NA,NA,"Taj Mahal",NA,"Bharatpur"
"Gray-headed Lapwing","Vanellus cinereus",NA,"Sundarbans",NA,"Kaziranga","Bharatpur"
"Red-wattled Lapwing","Vanellus indicus","Lodhi Gardens","Sundarbans","Taj Mahal","Kaziranga","Bharatpur"
"White-tailed Lapwing","Vanellus leucurus",NA,NA,"Taj Mahal",NA,"Bharatpur"
"Greater Sand-Plover","Charadrius leschenaultii",NA,"Sundarbans",NA,NA,NA
"Kentish Plover","Charadrius alexandrinus",NA,"Sundarbans",NA,"Kaziranga","Bharatpur"
"Common Ringed Plover","Charadrius hiaticula",NA,NA,NA,NA,"Bharatpur"
"Little Ringed Plover","Charadrius dubius",NA,"Sundarbans","Taj Mahal","Kaziranga","Bharatpur"
"Greater Painted-Snipe","Rostratula benghalensis",NA,NA,"Taj Mahal","Kaziranga","Bharatpur"
"Pheasant-tailed Jacana","Hydrophasianus chirurgus",NA,"Sundarbans",NA,"Kaziranga","Bharatpur"
"Bronze-winged Jacana","Metopidius indicus",NA,"Sundarbans",NA,"Kaziranga","Bharatpur"
"Whimbrel","Numenius phaeopus",NA,"Sundarbans",NA,NA,NA
"Eurasian Curlew","Numenius arquata",NA,"Sundarbans","Taj Mahal","Kaziranga","Bharatpur"
"Bar-tailed Godwit","Limosa lapponica",NA,"Sundarbans",NA,NA,NA
"Black-tailed Godwit","Limosa limosa",NA,"Sundarbans","Taj Mahal","Kaziranga","Bharatpur"
"Ruddy Turnstone","Arenaria interpres",NA,"Sundarbans",NA,NA,NA
"Great Knot","Calidris tenuirostris",NA,"Sundarbans",NA,NA,NA
"Ruff","Calidris pugnax",NA,NA,"Taj Mahal","Kaziranga","Bharatpur"
"Curlew Sandpiper","Calidris ferruginea",NA,"Sundarbans","Taj Mahal",NA,"Bharatpur"
"Temminck's Stint","Calidris temminckii",NA,"Sundarbans","Taj Mahal","Kaziranga","Bharatpur"
"Sanderling","Calidris alba",NA,"Sundarbans",NA,NA,NA
"Dunlin","Calidris alpina",NA,"Sundarbans",NA,NA,"Bharatpur"
"Little Stint","Calidris minuta",NA,"Sundarbans","Taj Mahal",NA,"Bharatpur"
"Jack Snipe","Lymnocryptes minimus",NA,NA,NA,NA,"Bharatpur"
"Common Snipe","Gallinago gallinago",NA,"Sundarbans","Taj Mahal","Kaziranga","Bharatpur"
"Pin-tailed Snipe","Gallinago stenura",NA,NA,NA,"Kaziranga",NA
"Terek Sandpiper","Xenus cinereus",NA,"Sundarbans",NA,NA,NA
"Common Sandpiper","Actitis hypoleucos",NA,"Sundarbans","Taj Mahal","Kaziranga","Bharatpur"
"Green Sandpiper","Tringa ochropus","Lodhi Gardens","Sundarbans","Taj Mahal","Kaziranga","Bharatpur"
"Spotted Redshank","Tringa erythropus",NA,"Sundarbans","Taj Mahal","Kaziranga","Bharatpur"
"Common Greenshank","Tringa nebularia",NA,"Sundarbans","Taj Mahal","Kaziranga","Bharatpur"
"Marsh Sandpiper","Tringa stagnatilis",NA,"Sundarbans","Taj Mahal","Kaziranga","Bharatpur"
"Wood Sandpiper","Tringa glareola",NA,"Sundarbans","Taj Mahal","Kaziranga","Bharatpur"
"Common Redshank","Tringa totanus",NA,"Sundarbans","Taj Mahal","Kaziranga","Bharatpur"
"Barred Buttonquail","Turnix suscitator",NA,NA,NA,"Kaziranga","Bharatpur"
"Indian Courser","Cursorius coromandelicus",NA,NA,NA,NA,"Bharatpur"
"Oriental Pratincole","Glareola maldivarum",NA,"Sundarbans",NA,"Kaziranga",NA
"Small Pratincole","Glareola lactea",NA,"Sundarbans",NA,"Kaziranga","Bharatpur"
"Black-headed Gull","Chroicocephalus ridibundus",NA,"Sundarbans","Taj Mahal","Kaziranga","Bharatpur"
"Brown-headed Gull","Chroicocephalus brunnicephalus",NA,"Sundarbans","Taj Mahal","Kaziranga","Bharatpur"
"Pallas's Gull","Ichthyaetus ichthyaetus",NA,"Sundarbans","Taj Mahal","Kaziranga","Bharatpur"
"Lesser Black-backed Gull","Larus fuscus",NA,"Sundarbans","Taj Mahal",NA,NA
"Little Tern","Sternula albifrons",NA,"Sundarbans",NA,NA,NA
"Gull-billed Tern","Gelochelidon nilotica",NA,"Sundarbans","Taj Mahal",NA,"Bharatpur"
"Whiskered Tern","Chlidonias hybrida",NA,"Sundarbans","Taj Mahal",NA,"Bharatpur"
"Common Tern","Sterna hirundo",NA,"Sundarbans",NA,NA,NA
"River Tern","Sterna aurantia",NA,"Sundarbans","Taj Mahal","Kaziranga","Bharatpur"
"Great Crested Tern","Thalasseus bergii",NA,"Sundarbans",NA,NA,NA
"Indian Skimmer","Rynchops albicollis",NA,NA,NA,NA,"Bharatpur"
"Asian Openbill","Anastomus oscitans",NA,"Sundarbans","Taj Mahal","Kaziranga","Bharatpur"
"Black Stork","Ciconia nigra",NA,NA,NA,"Kaziranga","Bharatpur"
"Asian Woolly-necked Stork","Ciconia episcopus",NA,"Sundarbans","Taj Mahal","Kaziranga","Bharatpur"
"White Stork","Ciconia ciconia",NA,NA,NA,NA,"Bharatpur"
"Black-necked Stork","Ephippiorhynchus asiaticus",NA,NA,"Taj Mahal","Kaziranga","Bharatpur"
"Lesser Adjutant","Leptoptilos javanicus",NA,"Sundarbans",NA,"Kaziranga",NA
"Greater Adjutant","Leptoptilos dubius",NA,NA,NA,"Kaziranga",NA
"Painted Stork","Mycteria leucocephala","Lodhi Gardens","Sundarbans","Taj Mahal",NA,"Bharatpur"
"Oriental Darter","Anhinga melanogaster",NA,"Sundarbans","Taj Mahal","Kaziranga","Bharatpur"
"Little Cormorant","Microcarbo niger","Lodhi Gardens","Sundarbans","Taj Mahal","Kaziranga","Bharatpur"
"Great Cormorant","Phalacrocorax carbo","Lodhi Gardens","Sundarbans","Taj Mahal","Kaziranga","Bharatpur"
"Indian Cormorant","Phalacrocorax fuscicollis","Lodhi Gardens","Sundarbans","Taj Mahal",NA,"Bharatpur"
"Great White Pelican","Pelecanus onocrotalus",NA,NA,"Taj Mahal",NA,"Bharatpur"
"Spot-billed Pelican","Pelecanus philippensis",NA,NA,NA,"Kaziranga",NA
"Dalmatian Pelican","Pelecanus crispus",NA,NA,"Taj Mahal",NA,"Bharatpur"
"Yellow Bittern","Ixobrychus sinensis",NA,"Sundarbans",NA,NA,"Bharatpur"
"Cinnamon Bittern","Ixobrychus cinnamomeus",NA,"Sundarbans",NA,"Kaziranga","Bharatpur"
"Black Bittern","Ixobrychus flavicollis",NA,"Sundarbans",NA,NA,"Bharatpur"
"Gray Heron","Ardea cinerea",NA,"Sundarbans","Taj Mahal","Kaziranga","Bharatpur"
"Purple Heron","Ardea purpurea",NA,"Sundarbans","Taj Mahal","Kaziranga","Bharatpur"
"Great Egret","Ardea alba",NA,"Sundarbans","Taj Mahal","Kaziranga","Bharatpur"
"Intermediate Egret","Ardea intermedia","Lodhi Gardens","Sundarbans","Taj Mahal","Kaziranga","Bharatpur"
"Little Egret","Egretta garzetta","Lodhi Gardens","Sundarbans","Taj Mahal","Kaziranga","Bharatpur"
"Indian Pond-Heron","Ardeola grayii","Lodhi Gardens","Sundarbans","Taj Mahal","Kaziranga","Bharatpur"
"Chinese Pond-Heron","Ardeola bacchus",NA,NA,NA,"Kaziranga",NA
"Striated Heron","Butorides striata",NA,"Sundarbans","Taj Mahal","Kaziranga","Bharatpur"
"Black-crowned Night-Heron","Nycticorax nycticorax","Lodhi Gardens","Sundarbans","Taj Mahal","Kaziranga","Bharatpur"
"Glossy Ibis","Plegadis falcinellus",NA,NA,"Taj Mahal","Kaziranga","Bharatpur"
"Black-headed Ibis","Threskiornis melanocephalus","Lodhi Gardens","Sundarbans","Taj Mahal","Kaziranga","Bharatpur"
"Red-naped Ibis","Pseudibis papillosa","Lodhi Gardens",NA,"Taj Mahal",NA,"Bharatpur"
"Eurasian Spoonbill","Platalea leucorodia",NA,NA,"Taj Mahal","Kaziranga","Bharatpur"
"Osprey","Pandion haliaetus",NA,"Sundarbans",NA,"Kaziranga","Bharatpur"
"Black-winged Kite","Elanus caeruleus",NA,"Sundarbans","Taj Mahal","Kaziranga","Bharatpur"
"Egyptian Vulture","Neophron percnopterus","Lodhi Gardens",NA,"Taj Mahal",NA,"Bharatpur"
"Oriental Honey-buzzard","Pernis ptilorhynchus","Lodhi Gardens","Sundarbans","Taj Mahal","Kaziranga","Bharatpur"
"Jerdon's Baza","Aviceda jerdoni",NA,NA,NA,"Kaziranga",NA
"Red-headed Vulture","Sarcogyps calvus",NA,NA,NA,"Kaziranga","Bharatpur"
"Cinereous Vulture","Aegypius monachus",NA,NA,NA,"Kaziranga","Bharatpur"
"White-rumped Vulture","Gyps bengalensis",NA,NA,NA,"Kaziranga","Bharatpur"
"Indian Vulture","Gyps indicus",NA,NA,NA,NA,"Bharatpur"
"Slender-billed Vulture","Gyps tenuirostris",NA,NA,NA,"Kaziranga",NA
"Himalayan Griffon","Gyps himalayensis",NA,NA,NA,"Kaziranga","Bharatpur"
"Eurasian Griffon","Gyps fulvus",NA,NA,"Taj Mahal","Kaziranga","Bharatpur"
"Crested Serpent-Eagle","Spilornis cheela",NA,"Sundarbans",NA,"Kaziranga","Bharatpur"
"Short-toed Snake-Eagle","Circaetus gallicus",NA,"Sundarbans",NA,"Kaziranga","Bharatpur"
"Changeable Hawk-Eagle","Nisaetus cirrhatus",NA,"Sundarbans",NA,"Kaziranga",NA
"Rufous-bellied Eagle","Lophotriorchis kienerii",NA,NA,NA,"Kaziranga",NA
"Black Eagle","Ictinaetus malaiensis",NA,"Sundarbans",NA,"Kaziranga",NA
"Indian Spotted Eagle","Clanga hastata",NA,"Sundarbans","Taj Mahal","Kaziranga","Bharatpur"
"Greater Spotted Eagle","Clanga clanga",NA,NA,NA,"Kaziranga","Bharatpur"
"Booted Eagle","Hieraaetus pennatus",NA,"Sundarbans","Taj Mahal","Kaziranga","Bharatpur"
"Tawny Eagle","Aquila rapax",NA,NA,NA,NA,"Bharatpur"
"Steppe Eagle","Aquila nipalensis",NA,NA,"Taj Mahal","Kaziranga","Bharatpur"
"Imperial Eagle","Aquila heliaca",NA,NA,"Taj Mahal","Kaziranga","Bharatpur"
"Bonelli's Eagle","Aquila fasciata",NA,NA,NA,NA,"Bharatpur"
"White-eyed Buzzard","Butastur teesa",NA,"Sundarbans",NA,NA,"Bharatpur"
"Eurasian Marsh-Harrier","Circus aeruginosus",NA,"Sundarbans",NA,NA,"Bharatpur"
"Eastern Marsh-Harrier","Circus spilonotus",NA,"Sundarbans",NA,NA,NA
"Hen Harrier","Circus cyaneus",NA,NA,NA,"Kaziranga","Bharatpur"
"Pallid Harrier","Circus macrourus",NA,NA,NA,NA,"Bharatpur"
"Pied Harrier","Circus melanoleucos",NA,"Sundarbans",NA,"Kaziranga",NA
"Montagu's Harrier","Circus pygargus",NA,NA,NA,NA,"Bharatpur"
"Crested Goshawk","Accipiter trivirgatus",NA,NA,NA,"Kaziranga",NA
"Shikra","Accipiter badius","Lodhi Gardens","Sundarbans","Taj Mahal","Kaziranga","Bharatpur"
"Eurasian Sparrowhawk","Accipiter nisus",NA,NA,NA,"Kaziranga","Bharatpur"
"Black Kite","Milvus migrans","Lodhi Gardens","Sundarbans","Taj Mahal","Kaziranga","Bharatpur"
"Brahminy Kite","Haliastur indus",NA,"Sundarbans",NA,NA,"Bharatpur"
"White-tailed Eagle","Haliaeetus albicilla",NA,NA,NA,"Kaziranga","Bharatpur"
"Pallas's Fish-Eagle","Haliaeetus leucoryphus",NA,NA,NA,"Kaziranga","Bharatpur"
"White-bellied Sea-Eagle","Haliaeetus leucogaster",NA,"Sundarbans",NA,NA,NA
"Lesser Fish-Eagle","Haliaeetus humilis",NA,NA,NA,"Kaziranga",NA
"Common Buzzard","Buteo buteo",NA,NA,"Taj Mahal","Kaziranga","Bharatpur"
"Himalayan Buzzard","Buteo refectus",NA,NA,NA,"Kaziranga",NA
"Long-legged Buzzard","Buteo rufinus",NA,NA,"Taj Mahal","Kaziranga","Bharatpur"
"Barn Owl","Tyto alba",NA,"Sundarbans",NA,"Kaziranga","Bharatpur"
"Indian Scops-Owl","Otus bakkamoena",NA,NA,NA,NA,"Bharatpur"
"Collared Scops-Owl","Otus lettia",NA,"Sundarbans",NA,"Kaziranga",NA
"Oriental Scops-Owl","Otus sunia",NA,"Sundarbans",NA,"Kaziranga","Bharatpur"
"Dusky Eagle-Owl","Ketupa coromandus",NA,NA,"Taj Mahal","Kaziranga","Bharatpur"
"Brown Fish-Owl","Ketupa zeylonensis",NA,"Sundarbans",NA,"Kaziranga","Bharatpur"
"Buffy Fish-Owl","Ketupa ketupu",NA,"Sundarbans",NA,NA,NA
"Asian Barred Owlet","Glaucidium cuculoides",NA,NA,NA,"Kaziranga",NA
"Jungle Owlet","Glaucidium radiatum",NA,NA,"Taj Mahal",NA,"Bharatpur"
"Collared Owlet","Taenioptynx brodiei",NA,NA,NA,"Kaziranga",NA
"Spotted Owlet","Athene brama","Lodhi Gardens","Sundarbans","Taj Mahal","Kaziranga","Bharatpur"
"Short-eared Owl","Asio flammeus",NA,NA,NA,NA,"Bharatpur"
"Brown Boobook","Ninox scutulata",NA,"Sundarbans",NA,"Kaziranga","Bharatpur"
"Eurasian Hoopoe","Upupa epops","Lodhi Gardens","Sundarbans","Taj Mahal","Kaziranga","Bharatpur"
"Great Hornbill","Buceros bicornis",NA,NA,NA,"Kaziranga",NA
"Indian Gray Hornbill","Ocyceros birostris","Lodhi Gardens",NA,"Taj Mahal",NA,"Bharatpur"
"Oriental Pied-Hornbill","Anthracoceros albirostris",NA,NA,NA,"Kaziranga",NA
"Wreathed Hornbill","Rhyticeros undulatus",NA,NA,NA,"Kaziranga",NA
"Common Kingfisher","Alcedo atthis","Lodhi Gardens","Sundarbans","Taj Mahal","Kaziranga","Bharatpur"
"Blue-eared Kingfisher","Alcedo meninting",NA,NA,NA,"Kaziranga",NA
"Brown-winged Kingfisher","Pelargopsis amauroptera",NA,"Sundarbans",NA,NA,NA
"Stork-billed Kingfisher","Pelargopsis capensis",NA,"Sundarbans",NA,"Kaziranga","Bharatpur"
"Ruddy Kingfisher","Halcyon coromanda",NA,"Sundarbans",NA,NA,NA
"White-throated Kingfisher","Halcyon smyrnensis","Lodhi Gardens","Sundarbans","Taj Mahal","Kaziranga","Bharatpur"
"Black-capped Kingfisher","Halcyon pileata",NA,"Sundarbans",NA,NA,NA
"Collared Kingfisher","Todiramphus chloris",NA,"Sundarbans",NA,NA,NA
"Pied Kingfisher","Ceryle rudis","Lodhi Gardens","Sundarbans","Taj Mahal","Kaziranga","Bharatpur"
"Blue-bearded Bee-eater","Nyctyornis athertoni",NA,NA,NA,"Kaziranga",NA
"Asian Green Bee-eater","Merops orientalis","Lodhi Gardens","Sundarbans","Taj Mahal","Kaziranga","Bharatpur"
"Blue-tailed Bee-eater","Merops philippinus",NA,"Sundarbans",NA,"Kaziranga","Bharatpur"
"Chestnut-headed Bee-eater","Merops leschenaulti",NA,"Sundarbans",NA,"Kaziranga",NA
"Indian Roller","Coracias benghalensis","Lodhi Gardens","Sundarbans","Taj Mahal",NA,"Bharatpur"
"Indochinese Roller","Coracias affinis",NA,"Sundarbans",NA,"Kaziranga",NA
"Dollarbird","Eurystomus orientalis",NA,NA,NA,"Kaziranga",NA
"Coppersmith Barbet","Psilopogon haemacephalus","Lodhi Gardens","Sundarbans","Taj Mahal","Kaziranga","Bharatpur"
"Blue-eared Barbet","Psilopogon duvaucelii",NA,NA,NA,"Kaziranga",NA
"Great Barbet","Psilopogon virens",NA,NA,NA,"Kaziranga",NA
"Lineated Barbet","Psilopogon lineatus",NA,"Sundarbans",NA,"Kaziranga",NA
"Brown-headed Barbet","Psilopogon zeylanicus","Lodhi Gardens",NA,"Taj Mahal",NA,"Bharatpur"
"Blue-throated Barbet","Psilopogon asiaticus",NA,"Sundarbans",NA,"Kaziranga",NA
"Eurasian Wryneck","Jynx torquilla",NA,"Sundarbans",NA,"Kaziranga","Bharatpur"
"Speckled Piculet","Picumnus innominatus",NA,NA,NA,"Kaziranga",NA
"White-browed Piculet","Sasia ochracea",NA,NA,NA,"Kaziranga",NA
"Brown-capped Pygmy Woodpecker","Yungipicus nanus",NA,NA,NA,NA,"Bharatpur"
"Gray-capped Pygmy Woodpecker","Yungipicus canicapillus",NA,"Sundarbans",NA,"Kaziranga",NA
"Yellow-crowned Woodpecker","Leiopicus mahrattensis","Lodhi Gardens",NA,"Taj Mahal",NA,"Bharatpur"
"Fulvous-breasted Woodpecker","Dendrocopos macei",NA,"Sundarbans",NA,"Kaziranga",NA
"Greater Flameback","Chrysocolaptes guttacristatus",NA,"Sundarbans",NA,"Kaziranga",NA
"Rufous Woodpecker","Micropternus brachyurus",NA,"Sundarbans",NA,"Kaziranga",NA
"Black-rumped Flameback","Dinopium benghalense","Lodhi Gardens","Sundarbans","Taj Mahal","Kaziranga","Bharatpur"
"Lesser Yellownape","Picus chlorolophus",NA,"Sundarbans",NA,"Kaziranga",NA
"Streak-throated Woodpecker","Picus xanthopygaeus",NA,"Sundarbans",NA,"Kaziranga",NA
"Gray-headed Woodpecker","Picus canus",NA,NA,NA,"Kaziranga",NA
"Greater Yellownape","Chrysophlegma flavinucha",NA,NA,NA,"Kaziranga",NA
"Pied Falconet","Microhierax melanoleucos",NA,NA,NA,"Kaziranga",NA
"Eurasian Kestrel","Falco tinnunculus",NA,"Sundarbans","Taj Mahal","Kaziranga","Bharatpur"
"Red-necked Falcon","Falco chicquera",NA,NA,"Taj Mahal","Kaziranga","Bharatpur"
"Oriental Hobby","Falco severus",NA,NA,NA,"Kaziranga",NA
"Laggar Falcon","Falco jugger",NA,NA,NA,NA,"Bharatpur"
"Peregrine Falcon","Falco peregrinus",NA,"Sundarbans","Taj Mahal","Kaziranga","Bharatpur"
"Alexandrine Parakeet","Psittacula eupatria","Lodhi Gardens","Sundarbans","Taj Mahal","Kaziranga","Bharatpur"
"Rose-ringed Parakeet","Psittacula krameri","Lodhi Gardens","Sundarbans","Taj Mahal","Kaziranga","Bharatpur"
"Plum-headed Parakeet","Psittacula cyanocephala","Lodhi Gardens","Sundarbans","Taj Mahal",NA,"Bharatpur"
"Blossom-headed Parakeet","Psittacula roseata",NA,NA,NA,"Kaziranga",NA
"Red-breasted Parakeet","Psittacula alexandri",NA,"Sundarbans",NA,"Kaziranga",NA
"Long-tailed Broadbill","Psarisomus dalhousiae",NA,NA,NA,"Kaziranga",NA
"Blue-naped Pitta","Hydrornis nipalensis",NA,NA,NA,"Kaziranga",NA
"Mangrove Pitta","Pitta megarhyncha",NA,"Sundarbans",NA,NA,NA
"Small Minivet","Pericrocotus cinnamomeus",NA,"Sundarbans",NA,NA,"Bharatpur"
"Gray-chinned Minivet","Pericrocotus solaris",NA,NA,NA,"Kaziranga",NA
"Short-billed Minivet","Pericrocotus brevirostris",NA,NA,NA,"Kaziranga",NA
"Long-tailed Minivet","Pericrocotus ethologus",NA,NA,NA,"Kaziranga","Bharatpur"
"Scarlet Minivet","Pericrocotus speciosus",NA,"Sundarbans",NA,"Kaziranga",NA
"Rosy Minivet","Pericrocotus roseus",NA,NA,NA,"Kaziranga",NA
"Large Cuckooshrike","Coracina macei",NA,"Sundarbans",NA,"Kaziranga","Bharatpur"
"Black-winged Cuckooshrike","Lalage melaschistos",NA,"Sundarbans",NA,"Kaziranga",NA
"Black-headed Cuckooshrike","Lalage melanoptera",NA,"Sundarbans",NA,NA,NA
"Mangrove Whistler","Pachycephala cinerea",NA,"Sundarbans",NA,NA,NA
"Indian Golden Oriole","Oriolus kundoo",NA,"Sundarbans",NA,NA,"Bharatpur"
"Black-naped Oriole","Oriolus chinensis",NA,"Sundarbans",NA,"Kaziranga",NA
"Black-hooded Oriole","Oriolus xanthornus",NA,"Sundarbans",NA,"Kaziranga",NA
"Maroon Oriole","Oriolus traillii",NA,NA,NA,"Kaziranga",NA
"Ashy Woodswallow","Artamus fuscus",NA,"Sundarbans",NA,"Kaziranga",NA
"Large Woodshrike","Tephrodornis virgatus",NA,NA,NA,"Kaziranga",NA
"Common Woodshrike","Tephrodornis pondicerianus",NA,"Sundarbans",NA,"Kaziranga","Bharatpur"
"Bar-winged Flycatcher-shrike","Hemipus picatus",NA,NA,NA,"Kaziranga",NA
"Common Iora","Aegithina tiphia",NA,"Sundarbans",NA,"Kaziranga","Bharatpur"
"White-tailed Iora","Aegithina nigrolutea",NA,NA,NA,NA,"Bharatpur"
"White-throated Fantail","Rhipidura albicollis",NA,"Sundarbans",NA,NA,NA
"White-browed Fantail","Rhipidura aureola",NA,NA,"Taj Mahal",NA,"Bharatpur"
"Black Drongo","Dicrurus macrocercus","Lodhi Gardens","Sundarbans","Taj Mahal","Kaziranga","Bharatpur"
"Ashy Drongo","Dicrurus leucophaeus","Lodhi Gardens","Sundarbans",NA,"Kaziranga","Bharatpur"
"White-bellied Drongo","Dicrurus caerulescens",NA,NA,NA,NA,"Bharatpur"
"Bronzed Drongo","Dicrurus aeneus",NA,"Sundarbans",NA,"Kaziranga",NA
"Lesser Racket-tailed Drongo","Dicrurus remifer",NA,"Sundarbans",NA,"Kaziranga",NA
"Hair-crested Drongo","Dicrurus hottentottus",NA,"Sundarbans",NA,"Kaziranga","Bharatpur"
"Greater Racket-tailed Drongo","Dicrurus paradiseus",NA,NA,NA,"Kaziranga",NA
"Black-naped Monarch","Hypothymis azurea",NA,"Sundarbans",NA,"Kaziranga",NA
"Blyth's Paradise-Flycatcher","Terpsiphone affinis",NA,NA,NA,"Kaziranga",NA
"Indian Paradise-Flycatcher","Terpsiphone paradisi",NA,"Sundarbans",NA,NA,"Bharatpur"
"Isabelline Shrike","Lanius isabellinus",NA,NA,NA,NA,"Bharatpur"
"Brown Shrike","Lanius cristatus",NA,"Sundarbans",NA,"Kaziranga","Bharatpur"
"Bay-backed Shrike","Lanius vittatus",NA,NA,NA,NA,"Bharatpur"
"Long-tailed Shrike","Lanius schach",NA,"Sundarbans","Taj Mahal","Kaziranga","Bharatpur"
"Gray-backed Shrike","Lanius tephronotus",NA,"Sundarbans",NA,"Kaziranga",NA
"Great Gray Shrike","Lanius excubitor",NA,NA,NA,NA,"Bharatpur"
"Common Green-Magpie","Cissa chinensis",NA,NA,NA,"Kaziranga",NA
"Rufous Treepie","Dendrocitta vagabunda","Lodhi Gardens","Sundarbans","Taj Mahal","Kaziranga","Bharatpur"
"Gray Treepie","Dendrocitta formosae",NA,NA,NA,"Kaziranga",NA
"House Crow","Corvus splendens","Lodhi Gardens","Sundarbans","Taj Mahal","Kaziranga","Bharatpur"
"Large-billed Crow","Corvus macrorhynchos","Lodhi Gardens","Sundarbans","Taj Mahal","Kaziranga","Bharatpur"
"Gray-headed Canary-Flycatcher","Culicicapa ceylonensis","Lodhi Gardens",NA,"Taj Mahal","Kaziranga","Bharatpur"
"Fire-capped Tit","Cephalopyrus flammiceps",NA,NA,NA,NA,"Bharatpur"
"Cinereous Tit","Parus cinereus",NA,"Sundarbans",NA,"Kaziranga","Bharatpur"
"Rufous-tailed Lark","Ammomanes phoenicura",NA,NA,NA,NA,"Bharatpur"
"Ashy-crowned Sparrow-Lark","Eremopterix griseus",NA,NA,NA,NA,"Bharatpur"
"Bengal Bushlark","Mirafra assamica",NA,"Sundarbans",NA,"Kaziranga",NA
"Indian Bushlark","Mirafra erythroptera",NA,NA,NA,NA,"Bharatpur"
"Greater Short-toed Lark","Calandrella brachydactyla",NA,NA,NA,NA,"Bharatpur"
"Sand Lark","Alaudala raytal",NA,NA,NA,"Kaziranga",NA
"Oriental Skylark","Alauda gulgula",NA,"Sundarbans",NA,"Kaziranga","Bharatpur"
"Crested Lark","Galerida cristata",NA,NA,NA,NA,"Bharatpur"
"Common Tailorbird","Orthotomus sutorius","Lodhi Gardens","Sundarbans","Taj Mahal","Kaziranga","Bharatpur"
"Dark-necked Tailorbird","Orthotomus atrogularis",NA,NA,NA,"Kaziranga",NA
"Rufous-fronted Prinia","Prinia buchanani","Lodhi Gardens",NA,NA,NA,"Bharatpur"
"Gray-breasted Prinia","Prinia hodgsonii","Lodhi Gardens",NA,NA,"Kaziranga","Bharatpur"
"Delicate Prinia","Prinia lepida",NA,NA,"Taj Mahal","Kaziranga","Bharatpur"
"Jungle Prinia","Prinia sylvatica",NA,NA,NA,NA,"Bharatpur"
"Yellow-bellied Prinia","Prinia flaviventris",NA,"Sundarbans",NA,"Kaziranga",NA
"Ashy Prinia","Prinia socialis","Lodhi Gardens",NA,"Taj Mahal","Kaziranga","Bharatpur"
"Plain Prinia","Prinia inornata",NA,"Sundarbans","Taj Mahal","Kaziranga","Bharatpur"
"Zitting Cisticola","Cisticola juncidis",NA,"Sundarbans",NA,"Kaziranga","Bharatpur"
"Golden-headed Cisticola","Cisticola exilis",NA,NA,NA,"Kaziranga",NA
"Thick-billed Warbler","Arundinax aedon",NA,"Sundarbans",NA,"Kaziranga",NA
"Booted Warbler","Iduna caligata",NA,NA,"Taj Mahal",NA,NA
"Sykes's Warbler","Iduna rama",NA,NA,NA,NA,"Bharatpur"
"Moustached Warbler","Acrocephalus melanopogon",NA,NA,NA,NA,"Bharatpur"
"Paddyfield Warbler","Acrocephalus agricola",NA,"Sundarbans",NA,"Kaziranga","Bharatpur"
"Blyth's Reed Warbler","Acrocephalus dumetorum",NA,"Sundarbans",NA,"Kaziranga","Bharatpur"
"Clamorous Reed Warbler","Acrocephalus stentoreus",NA,"Sundarbans",NA,"Kaziranga","Bharatpur"
"Pallas's Grasshopper Warbler","Helopsaltes certhiola",NA,"Sundarbans",NA,NA,NA
"Spotted Bush Warbler","Locustella thoracica",NA,NA,NA,"Kaziranga",NA
"Striated Grassbird","Cincloramphus palustris",NA,NA,NA,"Kaziranga",NA
"Pygmy Cupwing","Pnoepyga pusilla",NA,NA,NA,"Kaziranga",NA
"Gray-throated Martin","Riparia chinensis",NA,"Sundarbans","Taj Mahal","Kaziranga","Bharatpur"
"Bank Swallow","Riparia riparia",NA,NA,NA,"Kaziranga","Bharatpur"
"Pale Sand Martin","Riparia diluta",NA,NA,NA,"Kaziranga","Bharatpur"
"Dusky Crag-Martin","Ptyonoprogne concolor",NA,NA,"Taj Mahal",NA,"Bharatpur"
"Barn Swallow","Hirundo rustica","Lodhi Gardens","Sundarbans","Taj Mahal","Kaziranga","Bharatpur"
"Wire-tailed Swallow","Hirundo smithii",NA,NA,"Taj Mahal",NA,"Bharatpur"
"Red-rumped Swallow","Cecropis daurica",NA,"Sundarbans","Taj Mahal",NA,"Bharatpur"
"Striated Swallow","Cecropis striolata",NA,NA,NA,"Kaziranga",NA
"Streak-throated Swallow","Petrochelidon fluvicola",NA,"Sundarbans",NA,NA,"Bharatpur"
"Black-crested Bulbul","Rubigula flaviventris",NA,NA,NA,"Kaziranga",NA
"Red-vented Bulbul","Pycnonotus cafer","Lodhi Gardens","Sundarbans","Taj Mahal","Kaziranga","Bharatpur"
"Red-whiskered Bulbul","Pycnonotus jocosus","Lodhi Gardens","Sundarbans","Taj Mahal","Kaziranga","Bharatpur"
"White-eared Bulbul","Pycnonotus leucotis",NA,NA,NA,NA,"Bharatpur"
"White-throated Bulbul","Alophoixus flaveolus",NA,NA,NA,"Kaziranga",NA
"Black Bulbul","Hypsipetes leucocephalus",NA,NA,NA,"Kaziranga",NA
"Ashy Bulbul","Hemixos flavala",NA,NA,NA,"Kaziranga",NA
"Yellow-browed Warbler","Phylloscopus inornatus",NA,"Sundarbans",NA,"Kaziranga",NA
"Hume's Warbler","Phylloscopus humei","Lodhi Gardens",NA,"Taj Mahal","Kaziranga","Bharatpur"
"Brooks's Leaf Warbler","Phylloscopus subviridis",NA,NA,NA,NA,"Bharatpur"
"Sulphur-bellied Warbler","Phylloscopus griseolus",NA,NA,NA,NA,"Bharatpur"
"Tickell's Leaf Warbler","Phylloscopus affinis",NA,NA,NA,"Kaziranga","Bharatpur"
"Dusky Warbler","Phylloscopus fuscatus",NA,"Sundarbans",NA,"Kaziranga","Bharatpur"
"Smoky Warbler","Phylloscopus fuligiventer",NA,NA,NA,"Kaziranga","Bharatpur"
"Common Chiffchaff","Phylloscopus collybita","Lodhi Gardens","Sundarbans","Taj Mahal",NA,"Bharatpur"
"White-spectacled Warbler","Phylloscopus intermedius",NA,NA,NA,"Kaziranga",NA
"Gray-cheeked Warbler","Phylloscopus poliogenys",NA,NA,NA,"Kaziranga",NA
"Whistler's Warbler","Phylloscopus whistleri",NA,NA,NA,"Kaziranga",NA
"Green Warbler","Phylloscopus nitidus",NA,"Sundarbans",NA,NA,NA
"Greenish Warbler","Phylloscopus trochiloides","Lodhi Gardens","Sundarbans","Taj Mahal","Kaziranga","Bharatpur"
"Large-billed Leaf Warbler","Phylloscopus magnirostris",NA,"Sundarbans",NA,NA,NA
"Yellow-vented Warbler","Phylloscopus cantator",NA,NA,NA,"Kaziranga",NA
"Blyth's Leaf Warbler","Phylloscopus reguloides",NA,NA,NA,"Kaziranga",NA
"Pale-footed Bush Warbler","Urosphena pallidipes",NA,NA,NA,"Kaziranga",NA
"Gray-bellied Tesia","Tesia cyaniventer",NA,NA,NA,"Kaziranga",NA
"Slaty-bellied Tesia","Tesia olivea",NA,NA,NA,"Kaziranga",NA
"Yellow-bellied Warbler","Abroscopus superciliaris",NA,NA,NA,"Kaziranga",NA
"Mountain Tailorbird","Phyllergates cucullatus",NA,NA,NA,"Kaziranga",NA
"Lesser Whitethroat","Curruca curruca","Lodhi Gardens",NA,"Taj Mahal",NA,"Bharatpur"
"Eastern Orphean Warbler","Curruca crassirostris",NA,NA,NA,NA,"Bharatpur"
"Yellow-eyed Babbler","Chrysomma sinense",NA,NA,NA,"Kaziranga","Bharatpur"
"Jerdon's Babbler","Chrysomma altirostre",NA,NA,NA,"Kaziranga",NA
"Indian White-eye","Zosterops palpebrosus","Lodhi Gardens","Sundarbans","Taj Mahal","Kaziranga","Bharatpur"
"Chestnut-capped Babbler","Timalia pileata",NA,"Sundarbans",NA,"Kaziranga",NA
"Pin-striped Tit-Babbler","Mixornis gularis",NA,"Sundarbans",NA,"Kaziranga",NA
"Buff-chested Babbler","Cyanoderma ambiguum",NA,NA,NA,"Kaziranga",NA
"White-browed Scimitar-Babbler","Pomatorhinus schisticeps",NA,"Sundarbans",NA,"Kaziranga",NA
"Gray-throated Babbler","Stachyris nigriceps",NA,NA,NA,"Kaziranga",NA
"Indian Grassbird","Graminicola bengalensis",NA,NA,NA,"Kaziranga",NA
"White-hooded Babbler","Gampsorhynchus rufulus",NA,NA,NA,"Kaziranga",NA
"Puff-throated Babbler","Pellorneum ruficeps",NA,NA,NA,"Kaziranga",NA
"Marsh Babbler","Pellorneum palustre",NA,NA,NA,"Kaziranga",NA
"Buff-breasted Babbler","Pellorneum tickelli",NA,NA,NA,"Kaziranga",NA
"Abbott's Babbler","Malacocincla abbotti",NA,"Sundarbans",NA,"Kaziranga",NA
"Large Gray Babbler","Argya malcolmi","Lodhi Gardens",NA,"Taj Mahal",NA,"Bharatpur"
"Slender-billed Babbler","Argya longirostris",NA,NA,NA,"Kaziranga",NA
"Jungle Babbler","Argya striata","Lodhi Gardens","Sundarbans","Taj Mahal","Kaziranga","Bharatpur"
"Common Babbler","Argya caudata","Lodhi Gardens",NA,"Taj Mahal",NA,"Bharatpur"
"Striated Babbler","Argya earlei",NA,"Sundarbans",NA,"Kaziranga","Bharatpur"
"Lesser Necklaced Laughingthrush","Garrulax monileger",NA,NA,NA,"Kaziranga",NA
"White-crested Laughingthrush","Garrulax leucolophus",NA,NA,NA,"Kaziranga",NA
"Rufous-necked Laughingthrush","Pterorhinus ruficollis",NA,NA,NA,"Kaziranga",NA
"Greater Necklaced Laughingthrush","Pterorhinus pectoralis",NA,NA,NA,"Kaziranga",NA
"Indian Nuthatch","Sitta castanea",NA,NA,"Taj Mahal",NA,"Bharatpur"
"Chestnut-bellied Nuthatch","Sitta cinnamoventris",NA,NA,NA,"Kaziranga",NA
"Velvet-fronted Nuthatch","Sitta frontalis",NA,NA,NA,"Kaziranga",NA
"Indian Spotted Creeper","Salpornis spilonota",NA,NA,NA,NA,"Bharatpur"
"Asian Glossy Starling","Aplonis panayensis",NA,NA,NA,"Kaziranga",NA
"Common Hill Myna","Gracula religiosa",NA,NA,NA,"Kaziranga",NA
"European Starling","Sturnus vulgaris","Lodhi Gardens",NA,"Taj Mahal",NA,"Bharatpur"
"Rosy Starling","Pastor roseus",NA,NA,"Taj Mahal",NA,"Bharatpur"
"Indian Pied Starling","Gracupica contra","Lodhi Gardens","Sundarbans","Taj Mahal","Kaziranga","Bharatpur"
"Brahminy Starling","Sturnia pagodarum","Lodhi Gardens","Sundarbans","Taj Mahal",NA,"Bharatpur"
"Chestnut-tailed Starling","Sturnia malabarica",NA,"Sundarbans",NA,"Kaziranga",NA
"Common Myna","Acridotheres tristis","Lodhi Gardens","Sundarbans","Taj Mahal","Kaziranga","Bharatpur"
"Bank Myna","Acridotheres ginginianus","Lodhi Gardens","Sundarbans","Taj Mahal","Kaziranga","Bharatpur"
"Jungle Myna","Acridotheres fuscus",NA,"Sundarbans",NA,"Kaziranga",NA
"Great Myna","Acridotheres grandis",NA,NA,NA,"Kaziranga",NA
"Spot-winged Starling","Saroglossa spilopterus",NA,NA,NA,"Kaziranga",NA
"Scaly Thrush","Zoothera dauma",NA,NA,NA,"Kaziranga",NA
"Orange-headed Thrush","Geokichla citrina",NA,"Sundarbans",NA,"Kaziranga","Bharatpur"
"Gray-winged Blackbird","Turdus boulboul",NA,NA,NA,"Kaziranga",NA
"Tickell's Thrush","Turdus unicolor",NA,NA,NA,NA,"Bharatpur"
"Black-breasted Thrush","Turdus dissimilis",NA,NA,NA,"Kaziranga",NA
"Black-throated Thrush","Turdus atrogularis",NA,NA,NA,"Kaziranga",NA
"Asian Brown Flycatcher","Muscicapa dauurica",NA,NA,NA,"Kaziranga",NA
"Spotted Flycatcher","Muscicapa striata",NA,"Sundarbans",NA,NA,NA
"Indian Robin","Copsychus fulicatus","Lodhi Gardens",NA,"Taj Mahal",NA,"Bharatpur"
"Oriental Magpie-Robin","Copsychus saularis","Lodhi Gardens","Sundarbans","Taj Mahal","Kaziranga","Bharatpur"
"White-rumped Shama","Copsychus malabaricus",NA,NA,NA,"Kaziranga",NA
"Pale-chinned Blue Flycatcher","Cyornis poliogenys",NA,NA,NA,"Kaziranga",NA
"Pale Blue Flycatcher","Cyornis unicolor",NA,NA,NA,"Kaziranga",NA
"Tickell's Blue Flycatcher","Cyornis tickelliae",NA,NA,NA,NA,"Bharatpur"
"Large Niltava","Niltava grandis",NA,NA,NA,"Kaziranga",NA
"Small Niltava","Niltava macgrigoriae",NA,NA,NA,"Kaziranga",NA
"Rufous-bellied Niltava","Niltava sundara",NA,NA,NA,"Kaziranga",NA
"Verditer Flycatcher","Eumyias thalassinus",NA,"Sundarbans",NA,"Kaziranga","Bharatpur"
"Lesser Shortwing","Brachypteryx leucophris",NA,NA,NA,"Kaziranga",NA
"Bluethroat","Luscinia svecica",NA,"Sundarbans",NA,"Kaziranga","Bharatpur"
"Blue Whistling-Thrush","Myophonus caeruleus",NA,NA,NA,"Kaziranga",NA
"Black-backed Forktail","Enicurus immaculatus",NA,NA,NA,"Kaziranga",NA
"Siberian Rubythroat","Calliope calliope",NA,"Sundarbans",NA,"Kaziranga","Bharatpur"
"Himalayan Rubythroat","Calliope pectoralis",NA,NA,NA,NA,"Bharatpur"
"Chinese Rubythroat","Calliope tschebaiewi",NA,NA,NA,"Kaziranga",NA
"White-tailed Robin","Myiomela leucura",NA,NA,NA,"Kaziranga",NA
"Himalayan Bluetail","Tarsiger rufilatus",NA,NA,NA,"Kaziranga",NA
"Slaty-backed Flycatcher","Ficedula erithacus",NA,NA,NA,"Kaziranga",NA
"Slaty-blue Flycatcher","Ficedula tricolor",NA,NA,NA,"Kaziranga","Bharatpur"
"Snowy-browed Flycatcher","Ficedula hyperythra",NA,NA,NA,"Kaziranga",NA
"Pygmy Flycatcher","Ficedula hodgsoni",NA,NA,NA,"Kaziranga",NA
"Rufous-gorgeted Flycatcher","Ficedula strophiata",NA,NA,NA,"Kaziranga",NA
"Little Pied Flycatcher","Ficedula westermanni",NA,NA,NA,"Kaziranga",NA
"Ultramarine Flycatcher","Ficedula superciliaris",NA,NA,NA,NA,"Bharatpur"
"Taiga Flycatcher","Ficedula albicilla","Lodhi Gardens","Sundarbans","Taj Mahal","Kaziranga","Bharatpur"
"Red-breasted Flycatcher","Ficedula parva","Lodhi Gardens",NA,"Taj Mahal",NA,"Bharatpur"
"Plumbeous Redstart","Phoenicurus fuliginosus",NA,NA,NA,"Kaziranga",NA
"Black Redstart","Phoenicurus ochruros","Lodhi Gardens","Sundarbans","Taj Mahal","Kaziranga","Bharatpur"
"Daurian Redstart","Phoenicurus auroreus",NA,NA,NA,"Kaziranga",NA
"Blue Rock-Thrush","Monticola solitarius",NA,NA,NA,"Kaziranga","Bharatpur"
"White-browed Bushchat","Saxicola macrorhynchus",NA,NA,NA,NA,"Bharatpur"
"Siberian Stonechat","Saxicola maurus",NA,"Sundarbans",NA,"Kaziranga","Bharatpur"
"White-tailed Stonechat","Saxicola leucurus",NA,NA,NA,"Kaziranga",NA
"Pied Bushchat","Saxicola caprata",NA,NA,"Taj Mahal",NA,"Bharatpur"
"Gray Bushchat","Saxicola ferreus",NA,NA,NA,"Kaziranga","Bharatpur"
"Isabelline Wheatear","Oenanthe isabellina",NA,NA,NA,NA,"Bharatpur"
"Desert Wheatear","Oenanthe deserti",NA,NA,NA,NA,"Bharatpur"
"Brown Rock Chat","Oenanthe fusca","Lodhi Gardens",NA,"Taj Mahal",NA,"Bharatpur"
"Variable Wheatear","Oenanthe picata",NA,NA,"Taj Mahal",NA,"Bharatpur"
"Thick-billed Flowerpecker","Dicaeum agile",NA,NA,NA,NA,"Bharatpur"
"Yellow-vented Flowerpecker","Dicaeum chrysorrheum",NA,NA,NA,"Kaziranga",NA
"Pale-billed Flowerpecker","Dicaeum erythrorhynchos",NA,"Sundarbans",NA,NA,NA
"Plain Flowerpecker","Dicaeum minullum",NA,NA,NA,"Kaziranga",NA
"Scarlet-backed Flowerpecker","Dicaeum cruentatum",NA,"Sundarbans",NA,"Kaziranga",NA
"Ruby-cheeked Sunbird","Chalcoparia singalensis",NA,NA,NA,"Kaziranga",NA
"Purple-rumped Sunbird","Leptocoma zeylonica",NA,"Sundarbans",NA,NA,NA
"Purple Sunbird","Cinnyris asiaticus","Lodhi Gardens","Sundarbans","Taj Mahal","Kaziranga","Bharatpur"
"Loten's Sunbird","Cinnyris lotenius",NA,"Sundarbans",NA,NA,NA
"Crimson Sunbird","Aethopyga siparaja",NA,NA,NA,"Kaziranga",NA
"Little Spiderhunter","Arachnothera longirostra",NA,NA,NA,"Kaziranga",NA
"Streaked Spiderhunter","Arachnothera magna",NA,NA,NA,"Kaziranga",NA
"Asian Fairy-bluebird","Irena puella",NA,NA,NA,"Kaziranga",NA
"Golden-fronted Leafbird","Chloropsis aurifrons",NA,NA,NA,"Kaziranga",NA
"Orange-bellied Leafbird","Chloropsis hardwickii",NA,NA,NA,"Kaziranga",NA
"Streaked Weaver","Ploceus manyar",NA,NA,NA,"Kaziranga","Bharatpur"
"Baya Weaver","Ploceus philippinus",NA,"Sundarbans",NA,"Kaziranga","Bharatpur"
"Black-breasted Weaver","Ploceus benghalensis",NA,NA,NA,"Kaziranga","Bharatpur"
"Indian Silverbill","Euodice malabarica",NA,"Sundarbans","Taj Mahal",NA,"Bharatpur"
"Scaly-breasted Munia","Lonchura punctulata",NA,"Sundarbans",NA,"Kaziranga","Bharatpur"
"White-rumped Munia","Lonchura striata",NA,"Sundarbans",NA,"Kaziranga",NA
"Chestnut Munia","Lonchura atricapilla",NA,"Sundarbans",NA,"Kaziranga",NA
"Red Avadavat","Amandava amandava",NA,"Sundarbans",NA,"Kaziranga","Bharatpur"
"House Sparrow","Passer domesticus","Lodhi Gardens","Sundarbans","Taj Mahal","Kaziranga","Bharatpur"
"Spanish Sparrow","Passer hispaniolensis","Lodhi Gardens",NA,NA,NA,NA
"Eurasian Tree Sparrow","Passer montanus",NA,NA,NA,"Kaziranga",NA
"Yellow-throated Sparrow","Gymnoris xanthocollis",NA,NA,"Taj Mahal",NA,"Bharatpur"
"Forest Wagtail","Dendronanthus indicus",NA,"Sundarbans",NA,"Kaziranga",NA
"Gray Wagtail","Motacilla cinerea","Lodhi Gardens","Sundarbans","Taj Mahal","Kaziranga","Bharatpur"
"Western Yellow Wagtail","Motacilla flava","Lodhi Gardens",NA,"Taj Mahal",NA,"Bharatpur"
"Eastern Yellow Wagtail","Motacilla tschutschensis",NA,"Sundarbans",NA,"Kaziranga",NA
"Citrine Wagtail","Motacilla citreola",NA,"Sundarbans","Taj Mahal","Kaziranga","Bharatpur"
"White-browed Wagtail","Motacilla maderaspatensis",NA,"Sundarbans","Taj Mahal",NA,"Bharatpur"
"White Wagtail","Motacilla alba",NA,"Sundarbans","Taj Mahal","Kaziranga","Bharatpur"
"Richard's Pipit","Anthus richardi",NA,"Sundarbans",NA,"Kaziranga","Bharatpur"
"Paddyfield Pipit","Anthus rufulus",NA,"Sundarbans","Taj Mahal","Kaziranga","Bharatpur"
"Long-billed Pipit","Anthus similis",NA,NA,NA,NA,"Bharatpur"
"Blyth's Pipit","Anthus godlewskii",NA,NA,NA,NA,"Bharatpur"
"Tawny Pipit","Anthus campestris",NA,NA,"Taj Mahal",NA,"Bharatpur"
"Rosy Pipit","Anthus roseatus",NA,NA,NA,"Kaziranga","Bharatpur"
"Tree Pipit","Anthus trivialis",NA,NA,"Taj Mahal",NA,"Bharatpur"
"Olive-backed Pipit","Anthus hodgsoni",NA,"Sundarbans",NA,"Kaziranga","Bharatpur"
"Common Rosefinch","Carpodacus erythrinus",NA,"Sundarbans",NA,"Kaziranga","Bharatpur"
"Crested Bunting","Emberiza lathami",NA,NA,NA,NA,"Bharatpur"
"Black-headed Bunting","Emberiza melanocephala",NA,NA,NA,NA,"Bharatpur"
"Red-headed Bunting","Emberiza bruniceps",NA,NA,NA,NA,"Bharatpur"
"Chestnut-eared Bunting","Emberiza fucata",NA,NA,NA,"Kaziranga",NA
"White-capped Bunting","Emberiza stewarti",NA,NA,NA,NA,"Bharatpur"
"Gray-necked Bunting","Emberiza buchanani",NA,NA,NA,NA,"Bharatpur"
"Black-faced Bunting","Emberiza spodocephala",NA,NA,NA,"Kaziranga",NA
